Category,User_Question,AI_Response
Academic Stress,I'm overwhelmed with assignments. What should I do?,It’s okay to feel overwhelmed. Let’s break down your tasks into manageable steps. What’s one assignment you can start on today for just 15 minutes?
Academic Stress,I can't focus while studying. Help!,Try the Pomodoro technique: 25 minutes of focus followed by a 5-minute break. Would you like me to guide you through one cycle?
Test Anxiety,I'm scared of failing my exam tomorrow.,"It’s natural to feel anxious before a test. Let’s try a calming breathing exercise together first, then review what you already know to boost your confidence."
Test Anxiety,I blank out during tests. What can I do?,Test anxiety can freeze your brain. Try writing down a few key concepts right before the test begins. Want to practice a grounding technique now?
Motivation & Burnout,I don’t feel like studying at all anymore.,"Burnout is real, and rest is productive too. Let’s first acknowledge how you’re feeling. Want to set one small goal today to regain momentum?"
Motivation & Burnout,Why should I even try? It all feels pointless.,"When everything feels heavy, it’s hard to see purpose. But your effort matters. Let’s explore what you’re passionate about and reconnect with your 'why.'"
Mental Wellness,I’ve been feeling sad and tired lately. Is that normal?,You're not alone — many students feel this way. It might help to talk more about it. Would you like to try a guided reflection or calming visualization?
Mental Wellness,What can I do when I feel anxious for no reason?,"Let’s do a quick grounding exercise together. Focus on 5 things you can see, 4 you can touch, 3 you can hear... Ready?"
Coping Tools,Can you give me a quick stress relief technique?,"Sure! Try box breathing: inhale for 4 seconds, hold for 4, exhale for 4, hold again for 4. Repeat this 4 times. Want me to guide you?"
Coping Tools,I need help calming down right now.,Take a deep breath. I’m here for you. Let’s slow things down with a short mindfulness exercise. Ready to begin?
Self-Compassion & Encouragement,I feel like I'm not good enough.,That’s a hard feeling. But your worth isn’t defined by grades or productivity. Want to try a self-kindness affirmation exercise together?
Self-Compassion & Encouragement,Everyone else is doing better than me.,"Comparison steals joy. You’re on your own path, and that’s okay. Let’s set one realistic goal today just for *you*."
